Categoria;Fundo;Data Inicio;Cota (R$);Variacao Dia (%);Acum. Mes (%);Acum. Ano (%);Acum. 12M (%);PL (mi R$);PL Medio 30d (mi R$);Taxa Adm %;Aberto;Aplic. Min (R$);Benchmark;Resgate Conv.;Resgate Pgto;% CDI Ano;% CDI 12m
ACOES;CAIXA ATENA BRASIL ACOES LIVRE QUANT FIC FIF ACOES - RESP LTDA;2019-07-31T00:00:00Z;1,82003700;-0,275;-7,45;-12,21;0,11;672,515;714,638;2,00;Nao;0,01;NÃO SE APLICA;D+13 (du);D+15 (du);3,44;147,92
ACOES;CAIXA ATENA FIC FIF ACOES FUNCIONARIOS ACOES LIVRE QUANT RESP LTDA;2020-07-06T00:00:00Z;1.754,10930900;-0,270;-7,40;-11,64;1,16;8,612;9,183;0,80;Sim;0,01;IBOV;D+13 (du);D+15 (du);28,01;166,70
ACOES;CAIXA ATENA FIC FIF ACOES LIVRE QUANT RESP LTDA;2019-07-31T00:00:00Z;1,70107100;-0,274;-7,43;-12,21;0,10;44,481;47,021;2,00;Sim;0,01;IBOV;D+13 (du);D+15 (du);3,09;141,69
ACOES;CAIXA BRASIL ETF IBOVESPA FIF ACOES - RESP LTDA;2012-11-27T00:00:00Z;3,44880900;0,036;-5,93;3,44;17,38;7,189;7,472;0,50;Nao;0,01;IBOV;D+1 (du);D+03 (du);290,89;194,64
ACOES;CAIXA BRASIL IBX-50 FIF ACOES - RESP LTDA;2008-02-18T00:00:00Z;1,92026400;-0,067;-6,06;1,31;13,24;187,641;196,009;0,70;Sim;0,01;IBX50;D+1 (du);D+03 (du);251,29;177,37
ACOES;CAIXA BRASIL INDEXA IBOVESPA FIF ACOES - RESP LTDA;2011-07-29T00:00:00Z;3,74385300;-0,089;-6,18;3,40;17,60;274,547;286,106;0,50;Sim;0,01;IBOV;D+1 (du);D+03 (du);295,87;197,69
ACOES;CAIXA EXPERT CLARITAS VALOR FIC FIF AÇÕES - RESP LTDA;2020-10-20T00:00:00Z;1.400,83358200;-0,350;-7,06;-6,35;1,20;20,141;21,279;0,60;Sim;10.000,00;IBOV;D+23 (du);D+25 (du);124,77;125,43
ACOES;CAIXA EXPERT VERDE AM LONG BIAS FIC FIF ACOES - RESP LTDA;2020-10-05T00:00:00Z;955,21091700;-0,441;-5,76;-2,56;8,70;7,652;8,048;0,70;Sim;10.000,00;IBOV;D+22 (du);D+24 (du);162,11;166,85
ACOES;CAIXA EXPERT VINCI VALOR DIVIDENDOS RPPS FIC FIF ACOES - RESP LTDA;2012-08-23T00:00:00Z;3,30480790;-0,189;-6,49;1,58;11,82;1.252,663;1.322,443;;Sim;10.000,00;IBOV;D+30 (du);D+32 (du);219,56;164,40
ACOES;CAIXA EXPERT VINCI VALOR RPPS FIC FIF ACOES - RESP LTDA;2011-12-12T00:00:00Z;2,36313452;-0,093;-6,46;-0,02;11,14;722,388;758,881;;Sim;10.000,00;IBOV;D+21 (du);D+23 (du);250,95;178,02
ACOES;CAIXA FIC FIF ACOES ACOES MULTIGESTOR RESP LTDA;2019-06-25T00:00:00Z;1,19707100;-0,147;-6,33;-6,99;0,04;267,180;281,293;1,50;Sim;0,01;IBOV;D+23 (du);D+25 (du);89,50;95,49
ACOES;CAIXA FIC FIF ACOES COMPROMISSO BDR NIVEL I RESP LTDA;2021-11-05T00:00:00Z;1,25626900;-0,289;-0,32;3,81;15,32;3,855;3,846;1,00;Sim;0,01;BDRX;D+1 (du);D+03 (du);-49,32;94,36
ACOES;CAIXA FIC FIF ACOES DIVIDENDOS QUANTITATIVO RESP LTDA;2021-09-02T00:00:00Z;1,83396900;0,275;-5,56;-9,85;0,37;1,634;1,715;2,00;Sim;0,01;IDIV;D+13 (du);D+15 (du);-40,48;106,39
ACOES;CAIXA FIC FIF ACOES E FUNDO IBOVESPA RESP LTDA;2012-10-05T00:00:00Z;2,48178000;-0,089;-6,15;3,15;17,09;12,530;13,159;0,80;Sim;0,01;IBOV;D+1 (du);D+03 (du);290,28;193,37
ACOES;CAIXA FIF ACOES BANCO DO BRASIL PLUS RESP LTDA;2019-10-23T00:00:00Z;1.130,91716600;-2,333;-15,60;-17,27;-15,20;36,568;41,381;1,50;Sim;0,01;IBOV;D+1 (du);D+03 (du);-54,67;-179,46
ACOES;CAIXA FIF ACOES BDR NIVEL I - RESP LTDA;2013-06-24T00:00:00Z;10,58632800;-0,907;3,92;6,91;17,96;280,024;274,987;1,50;Sim;0,01;BDRX11;D+1 (du);D+03 (du);-67,01;116,71
ACOES;CAIXA FIF ACOES CAIXA SEGURIDADE RESP LTDA;2021-04-30T00:00:00Z;2,76966600;0,110;-7,89;14,34;37,42;441,878;507,482;0,20;Sim;0,01;IBOV;D+1 (du);D+03 (du);207,63;168,52
ACOES;CAIXA FIF ACOES CONSTRUCAO CIVIL RESP LTDA;2009-06-22T00:00:00Z;1,66587600;0,583;-3,95;-12,39;-3,38;99,612;104,484;2,00;Sim;0,01;IMOB-IMOBILIÁRIO;D+1 (du);D+03 (du);-31,28;152,26
ACOES;CAIXA FIF ACOES CONSUMO RESP LTDA;2012-04-26T00:00:00Z;0,98838200;-0,446;-7,47;-15,08;-10,49;49,009;53,257;1,60;Sim;0,01;ICON11;D+1 (du);D+03 (du);-34,64;25,61
ACOES;CAIXA FIF ACOES ELETROBRAS RESP LTDA;2022-05-30T00:00:00Z;1,70003000;0,700;-6,28;-1,10;43,38;255,358;266,016;0,45;Sim;0,01;OUTROS;D+1 (du);D+03 (du);329,26;519,89
ACOES;CAIXA FIF ACOES IBOVESPA ATIVO RESP LTDA;2007-02-01T00:00:00Z;2,08081400;0,177;-6,76;-0,83;11,79;31,859;34,887;2,00;Sim;0,01;IBOV;D+1 (du);D+03 (du);245,64;187,71
ACOES;CAIXA FIF ACOES IBrX ATIVO -RESP LTDA;2005-09-12T00:00:00Z;4,62170900;0,068;-4,16;2,99;16,83;22,367;23,083;1,50;Sim;0,01;IBX;D+1 (du);D+03 (du);271,07;196,06
ACOES;CAIXA FIF ACOES INDEXA IAGRO RESP LTDA;2022-06-14T00:00:00Z;0,80100400;0,154;-6,26;-16,79;-18,48;2,517;2,772;0,80;Sim;0,01;OUTROS;D+1 (du);D+03 (du);-125,86;-82,72
ACOES;CAIXA FIF ACOES INDEXA PIBB IBRX 50 RESP LTDA;2005-09-12T00:00:00Z;5,61034400;0,027;-6,16;4,29;18,48;40,765;42,696;0,80;Sim;0,01;PIBB11;D+1 (du);D+03 (du);327,51;204,94
ACOES;CAIXA FIF ACOES INDEXA SETOR FINANCEIRO RESP LTDA;2021-01-27T00:00:00Z;1.421,33821200;-1,535;-10,42;-2,33;8,36;28,533;30,835;0,80;Sim;0,01;IFNC;D+1 (du);D+03 (du);151,56;101,32
ACOES;CAIXA FIF ACOES INFRAESTRUTURA RESP LTDA;2010-04-19T00:00:00Z;2,68090700;0,477;-6,36;-1,64;7,61;111,626;121,106;2,00;Sim;0,01;IBOV;D+1 (du);D+03 (du);329,00;179,66
ACOES;CAIXA FIF ACOES PETROBRAS PLUS RESP LTDA;2019-06-28T00:00:00Z;4,63753200;1,315;-2,40;47,27;45,46;76,108;75,151;1,50;Nao;0,01;PETR3;D+1 (du);D+03 (du);1.374,44;379,46
ACOES;CAIXA FIF ACOES PETROBRAS PRE-SAL RESP LTDA;2010-09-28T00:00:00Z;6,59592800;0,883;-1,34;40,63;43,28;118,280;115,454;0,50;Sim;0,01;PETR4;D+1 (du);D+03 (du);1.240,37;365,83
ACOES;CAIXA FIF ACOES SMALL CAPS ATIVO RESP LTDA;2012-11-01T00:00:00Z;1,30919500;0,219;-7,59;-14,12;-10,36;392,033;419,090;1,50;Sim;0,01;SMLL;D+1 (du);D+03 (du);-20,21;52,67
ACOES;CAIXA FIF ACOES SUSTENTABILIDADE EMPRESARIAL ISE-IS RESP LTDA;2007-11-05T00:00:00Z;1,59613400;-0,315;-8,32;-6,36;0,91;1,930;2,087;0,80;Sim;0,01;ISE;D+1 (du);D+03 (du);124,46;115,19
ACOES;CAIXA INSTITUCIONAL BDR NIVEL I FIF ACOES - RESP LTDA;2013-06-24T00:00:00Z;11,88710550;-0,905;3,96;7,41;18,87;2.394,918;2.317,025;0,70;Sim;0,01;BDRX11;D+1 (du);D+03 (du);-60,80;123,24
ACOES;CAIXA SEGURIDADE II FIF AÇÕES - RESP LTDA;2025-03-24T00:00:00Z;1,36791200;0,108;-7,87;14,24;37,26;18,412;22,002;0,20;Nao;0,01;NÃO SE APLICA;D+1 (du);D+03 (du);229,70;166,72
CAMBIAL;CAIXA FIC FIF INDEXA DOLAR CAMBIAL - RESP LTDA;2005-06-27T00:00:00Z;3,90751500;-0,485;2,32;-2,79;-0,01;97,457;96,212;0,80;Sim;0,01;PTAX;D+1 (du);D+01 (du);-239,61;-57,16
FII;CAIXA RIO BRAVO FUNDO DE FII;2013-11-22T00:00:00Z;;;;;;;;1,20;Nao;0,00;IBOV;D+0 (du);D+00 (du);;
FII;CAIXA RIO BRAVO FUNDO DE FII II;2019-04-18T00:00:00Z;;;;;;;;1,15;Nao;0,00;CDI;D+0 (du);D+00 (du);;
FII;FII CAIXA CARTEIRA IMOBILIÁRIA;2022-03-16T00:00:00Z;;;;;;;;0,70;Nao;;IFIX; (du); (du);;
MULTIMERCADO;CAIXA BRASIL ESTRATEGIA LIVRE FIC FIF MM LONGO PRAZO - RESP LTDA;2019-10-23T00:00:00Z;1.580,43519300;0,051;-0,08;6,47;11,45;130,788;130,717;1,50;Sim;0,01;CDI;D+13 (du);D+15 (du);111,58;93,02
MULTIMERCADO;CAIXA CAPITAL PROTEGIDO CICLICO III FIC FIF MM - RESP LTDA;2022-01-10T00:00:00Z;1,58140200;0,132;-0,01;5,91;19,87;14,898;14,774;0,90;Nao;5.000,00;NÃO SE APLICA;D+0 (du);D+02 (du);75,95;132,12
MULTIMERCADO;CAIXA CAPITAL PROTEGIDO IBOV CICLICO I FIC FIF MM - RESP LTDA;2011-11-08T00:00:00Z;3,38323300;0,089;0,96;6,19;9,12;161,139;160,115;1,60;Nao;5.000,00;CDI;D+1 (du);D+03 (du);39,66;45,06
MULTIMERCADO;CAIXA CARTEIRA QUANTITATIVA DUO FIC FIF MM LP - RESP LTDA;2026-04-07T00:00:00Z;1,02526700;0,079;0,11;;;2,923;2,831;0,80;Sim;0,01;NÃO SE APLICA;D+8 (du);D+10 (du);;
MULTIMERCADO;CAIXA CARTEIRA QUANTITATIVA QUALI FIC FIF MM LP - RESP LTDA;2026-04-07T00:00:00Z;0,97764800;0,065;-0,37;;;1,258;1,254;0,80;Sim;0,01;NÃO SE APLICA;D+14 (du);D+16 (du);;
MULTIMERCADO;CAIXA CARTEIRA QUANTITATIVA UNO FIC FIF MM LP - RESP LTDA;2026-04-07T00:00:00Z;1,04351800;0,069;0,37;;;12,571;12,048;0,80;Sim;0,01;NÃO SE APLICA;D+1 (du);D+03 (du);;
MULTIMERCADO;CAIXA EXPERT BTG PACTUAL X 10 FIC FF MM LP - RESP LTDA;2013-03-21T00:00:00Z;6,83843400;-0,149;-0,64;6,33;12,33;125,024;127,286;1,00;Sim;10.000,00;CDI;D+8 (du);D+10 (du);145,98;119,31
MULTIMERCADO;CAIXA EXPERT GIANT ZARATHUSTRA FIC FIF MM - RESP LTDA;2021-02-12T00:00:00Z;1,43587100;-0,423;4,06;11,87;11,84;12,922;12,507;0,40;Sim;10.000,00;NÃO SE APLICA;D+22 (du);D+25 (du);55,70;15,26
MULTIMERCADO;CAIXA EXPERT HASHDEX NASDAQ CRYPTO INDEX FIC FIF MM - RESP LTDA;2025-10-07T00:00:00Z;0,47279734;1,383;1,39;-34,52;;3,779;3,749;0,70;Sim;100,00;OUTROS;D+3 (du);D+08 (du);-538,29;
MULTIMERCADO;CAIXA EXPERT PIMCO INCOME IE FIC FIF MM LP - RESP LTDA;2023-08-21T00:00:00Z;1,44878100;-0,193;0,43;5,16;11,63;280,734;282,327;0,93;Sim;10.000,00;NÃO SE APLICA;D+3 (du);D+08 (du);73,23;113,18
MULTIMERCADO;CAIXA EXPERT SPX NIMITZ FIC FIF MM - RESP LTDA;2020-05-04T00:00:00Z;1,83692100;0,033;1,60;3,98;9,38;171,656;171,804;2,00;Sim;10.000,00;CDI;D+22 (du);D+24 (du);-0,15;71,88
MULTIMERCADO;CAIXA FIC FIF ALOCACAO MACRO MM LP RESP LTDA;2007-02-01T00:00:00Z;5,74838000;0,054;0,02;7,89;13,20;900,072;899,253;0,50;Sim;10.000,00;CDI;D+1 (du);D+03 (du);121,91;100,08
MULTIMERCADO;CAIXA FIC FIF CAPITAL PROTEGIDO CESTA AGRO MM LP - RESP LTDA;2022-07-04T00:00:00Z;1,42211100;-0,316;0,25;4,86;7,91;72,876;72,086;0,90;Nao;5.000,00;OUTROS;D+0 (du);D+02 (du);69,45;62,22
MULTIMERCADO;CAIXA FIC FIF ESTRAT. LIVRE MULTIMERCADO LP - RESP LTDA;2019-10-21T00:00:00Z;1.667,92125900;0,051;-0,08;6,44;11,42;112,601;113,599;1,50;Sim;0,01;CDI;D+13 (du);D+15 (du);111,24;92,96
MULTIMERCADO;CAIXA FIC FIF ESTRATEGICO MULTIMERCADO LP RESP LTDA;2006-04-10T00:00:00Z;5,44996467;0,057;-0,09;6,21;11,32;32,506;32,723;1,20;Sim;0,01;CDI;D+0 (du);D+01 (du);98,90;91,33
MULTIMERCADO;CAIXA FIC FIF FOF SMART LONG SHORT LP RESP LTDA;2023-07-18T00:00:00Z;1,27030600;-0,038;0,07;4,01;9,18;5,275;5,655;1,00;Sim;0,01;CDI;D+24 (du);D+26 (du);63,48;84,14
MULTIMERCADO;CAIXA FIC FIF FUNCIONARIOS ESTRATEGIA LIVRE MM LP RESP LTDA;2020-07-06T00:00:00Z;1.692,61700100;0,055;-0,04;7,03;12,35;14,167;14,264;0,60;Sim;0,01;CDI;D+13 (du);D+15 (du);121,24;100,29
MULTIMERCADO;CAIXA FIC FIF HEDGE MULTIMERCADO LONGO PRAZO - RESP LTDA;2020-10-26T00:00:00Z;1.735,56668500;0,316;1,54;10,16;14,06;30,932;30,454;1,00;Sim;0,01;CDI;D+1 (du);D+01 (du);105,18;74,27
MULTIMERCADO;CAIXA FIC FIF JUROS E MOEDAS MM LP - RESP LTDA;2012-06-28T00:00:00Z;3,73554500;0,062;0,44;7,40;12,12;720,200;721,768;0,70;Sim;10.000,00;CDI;D+0 (du);D+00 (du);109,05;90,73
MULTIMERCADO;CAIXA FIC FIF JUROS E MOEDAS MUL PLUS LP - RESP LTDA;2018-03-05T00:00:00Z;1,94788100;0,061;0,42;7,15;11,72;20,561;21,407;1,00;Sim;0,01;CDI;D+0 (du);D+00 (du);105,62;87,95
MULTIMERCADO;CAIXA FIC FIF LONG BIAS MM - RL;2024-04-01T00:00:00Z;1,08388700;-0,239;-4,44;-6,52;7,05;3,309;3,484;2,00;Sim;0,01;OUTROS;D+13 (du);D+15 (du);25,34;158,86
MULTIMERCADO;CAIXA FIC FIF MULTIGESTOR GLOBAL EQUITIES IE MM RESP LTDA;2020-11-12T00:00:00Z;1.284,55425700;-0,861;4,15;2,37;5,91;38,816;37,464;1,00;Sim;0,01;CDI;D+7 (du);D+12 (du);-207,94;-14,12
MULTIMERCADO;CAIXA FIC FOF SMART LONG BIAS MM RESP LTDA;2023-07-18T00:00:00Z;1,36357100;0,293;-1,84;-0,11;8,34;10,952;11,488;1,00;Sim;0,01;IPCA;D+24 (du);D+26 (du);175,29;166,27
MULTIMERCADO;CAIXA FIC FOF SMART MACRO MM LP RESP LTDA;2023-07-18T00:00:00Z;1,31260400;0,038;0,93;4,00;8,58;27,543;27,474;1,00;Sim;0,01;CDI;D+24 (du);D+26 (du);52,98;77,77
MULTIMERCADO;CAIXA FIC FOF SMART MULTIESTRATEGIA MM RESP LTDA;2014-06-09T00:00:00Z;2,88651900;0,057;0,54;3,35;8,17;70,137;71,495;1,50;Sim;0,01;CDI;D+24 (du);D+26 (du);62,01;79,94
MULTIMERCADO;CAIXA FIF FIC FIM CAPITAL PROTEGIDO CICLICO II LP - RESP LTDA;2022-07-18T00:00:00Z;1,51651600;0,050;0,49;4,87;11,23;196,633;195,248;0,90;Nao;5.000,00;NÃO SE APLICA;D+0 (du);D+02 (du);22,10;92,96
MULTIMERCADO;CAIXA FIF INDEXA BOLSA AMERICANA MULTIMERCADO LP RESP LTDA;2018-10-16T00:00:00Z;3,98293600;-0,372;2,34;18,40;30,23;2.473,708;2.409,892;0,80;Sim;0,01;CDI;D+0 (du);D+01 (du);269,97;251,57
MULTIMERCADO;CAIXA FIF INDEXA EURO MM LP - RL;2024-04-01T00:00:00Z;1,13952800;-0,432;2,68;-5,49;-3,50;3,134;3,523;0,80;Sim;0,01;NÃO SE APLICA;D+1 (du);D+03 (du);-253,33;-47,74
MULTIMERCADO;CAIXA FIF INDEXA OURO MULTIMERCADO LP - RESP LTDA;2013-02-15T00:00:00Z;4,70499000;0,831;9,94;5,89;34,12;549,049;520,055;0,80;Sim;0,01;NÃO SE APLICA;D+1 (du);D+02 (du);242,05;351,21
MULTIMERCADO;CAIXA FIF INDEXA SHORT DOLAR MM LP - RESP LTDA;2020-10-26T00:00:00Z;2.453,67928100;0,582;-1,35;19,46;26,37;14,310;14,175;0,80;Sim;0,01;PTAX;D+1 (du);D+01 (du);515,54;268,33
NAN;CAIXA ABSOLUTO PRÉ FIC DE CLASSE DE FIF RENDA FIXA LONGO PRAZO - RESPONSABILIDADE LIMITADA;2003-04-30;20,14608600;0,111;-0,31;5,11;9,56;114,338;115,505;1,10;Sim;0,01;CDI;D+0 (du);D+00 (du);81,85;81,38
NAN;CAIXA CAPITAL ÍNDICE DE PREÇOS FIC DE CLASSE DE FIF RENDA FIXA LONGO PRAZO - RESP LIMITADA;2003-04-30;13,71964700;0,115;0,56;6,69;10,36;27,798;27,718;1,50;Sim;0,01;IPCA+6%;D+3 (du);D+03 (du);115,97;66,40
NAN;CAIXA CLÁSSICO FIC DE CLASSE DE FIF RENDA FIXA LONGO PRAZO - RESPONSABILIDADE LIMITADA;2003-04-30;15,30059800;0,047;0,49;7,98;12,73;27,954;27,834;1,40;Nao;100,00;CDI;D+0 (du);D+00 (du);113,78;90,64
NAN;CAIXA DIVIDENDOS FUNDO DE INVESTIMENTO FINANCEIRO EM AÇÕES - RESPONSABILIDADE LIMITADA;2003-10-03;6,42541600;-0,137;-7,17;1,31;12,72;310,010;329,163;1,50;Sim;0,01;IDIV11;D+1 (du);D+03 (du);204,96;164,12
NAN;CAIXA EMPREENDER FIC DE CLASSE DE FIF RENDA FIXA LONGO PRAZO - RESPONSABILIDADE LIMITADA;2003-04-30;47,22209000;0,047;0,49;7,93;12,64;41,152;41,019;1,50;Nao;50,00;CDI;D+0 (du);D+00 (du);113,02;90,01
NAN;CAIXA ESPECIAL FIC DE CLASSE DE FIF RENDA FIXA LONGO PRAZO - RESPONSABILIDADE LIMITADA;2003-08-25;10,86787800;0,052;0,54;8,72;13,95;2.417,909;2.416,153;0,40;Sim;100.000,00;CDI;D+0 (du);D+00 (du);123,66;99,08
NAN;CAIXA EXECUTIVO FIC DE CLASSE DE FIF RENDA FIXA LONGO PRAZO - RESPONSABILIDADE LIMITADA;2003-04-30;33,57121900;0,048;0,51;8,21;13,10;2.225,737;2.216,568;1,10;Sim;1.000,00;CDI;D+0 (du);D+00 (du);116,93;93,24
NAN;CAIXA IBOVESPA FUNDO DE INVESTIMENTO EM COTAS DE CLASSE DE FIF EM AÇÕES - RESPONSABILIDADE LIMITADA;1997-01-15;8,29559300;-0,094;-6,20;2,46;15,90;82,580;85,933;2,00;Sim;0,01;IBOV;D+1 (du);D+03 (du);280,13;184,07
NAN;CAIXA IDEAL FIC DE CLASSE DE FIF RENDA FIXA LONGO PRAZO - RESPONSABILIDADE LIMITADA;2003-04-30;9,92973700;0,047;0,49;7,95;12,68;587,684;585,796;1,50;Sim;0,01;CDI;D+0 (du);D+00 (du);113,31;90,22
NAN;CAIXA INVESTIDOR FIC DE CLASSE DE FIF RENDA FIXA LONGO PRAZO - RESPONSABILIDADE LIMITADA;2003-04-30;19,50510800;0,050;0,52;8,43;13,48;968,151;962,356;0,85;Sim;5.000,00;CDI;D+0 (du);D+00 (du);119,59;95,67
NAN;CAIXA PATRIMÔNIO ÍNDICE DE PREÇOS FIC DE CLASSE DE FIF RENDA FIXA LONGO PRAZO - RESP LIMITADA;2003-04-30;24,26363200;0,119;0,62;8,38;12,32;95,389;94,892;0,30;Sim;100.000,00;IPCA+6%;D+3 (du);D+03 (du);141,76;79,23
NAN;CAIXA PERSONAL FIC DE CLASSE DE FIF RENDA FIXA LONGO PRAZO - RESPONSABILIDADE LIMITADA;2003-04-30;31,38946200;0,051;0,53;8,60;13,75;3.128,379;3.125,224;0,60;Sim;50.000,00;CDI;D+0 (du);D+00 (du);121,95;97,63
NAN;CAIXA PETROBRAS FUNDO DE INVESTIMENTO FINANCEIRO EM AÇÕES - RESPONSABILIDADE LIMITADA;2000-07-10;43,01671100;1,315;-2,40;47,34;45,59;838,255;823,042;1,50;Sim;0,01;PETR3;D+1 (du);D+03 (du);1.375,48;380,23
NAN;CAIXA PRÁTICO FIC DE CLASSE DE FIF RENDA FIXA CURTO PRAZO - RESPONSABILIDADE LIMITADA;2003-04-30;9,62882100;0,045;0,45;7,57;12,04;2.746,815;2.864,612;1,70;Nao;0,01;CDI;D+0 (du);D+00 (du);109,19;84,26
NAN;CAIXA RV 30 FUNDO DE INVESTIMENTO FINANCEIRO MULTIMERCADO LONGO PRAZO - RESPONSABILIDADE LIMITADA;2003-04-30;12,69460200;0,068;-1,44;6,94;14,44;322,042;326,134;1,00;Sim;0,01;70% CDI + 30% IBOV;D+1 (du);D+03 (du);165,32;122,80
NAN;CAIXA SEBRAE FUNDO DE INVESTIMENTO FINANCEIRO RENDA FIXA LONGO PRAZO - RESPONSABILIDADE LIMITADA;2003-04-30;18,40639600;0,054;0,53;8,72;13,99;4.856,777;4.814,316;;Sim;0,01;CDI;D+0 (du);D+01 (du);125,39;100,01
NAN;CAIXA SELEÇÃO FIC DE CLASSE DE FIF RENDA FIXA - RESPONSABILIDADE LIMITADA;2003-10-01;29,92262300;0,047;0,47;7,90;28,15;21,410;21,284;1,10;Nao;30.000,00;CDI;D+0 (du);D+00 (du);113,86;195,72
NAN;CAIXA SOBERANO FIC DE CLASSE DE FIF RENDA FIXA LONGO PRAZO - RESPONSABILIDADE LIMITADA;2003-04-30;20,66744200;0,048;0,47;7,76;12,36;59,476;59,499;1,50;Nao;50,00;CDI;D+0 (du);D+00 (du);111,47;87,96
NAN;CAIXA VALE DO RIO DOCE FUNDO DE INVESTIMENTO FINANCEIRO EM AÇÕES - RESPONSABILIDADE LIMITADA;2002-02-20;34,63315300;0,142;-1,67;0,25;35,33;587,509;592,620;2,00;Sim;0,01;VALE3;D+1 (du);D+03 (du);360,65;403,15
PRIVATIZACAO;CAIXA FMP FGTS ELETROBRAS - RESP LTDA;2022-06-14T00:00:00Z;1,69365900;0,700;-6,30;-1,07;43,59;1.524,530;1.575,355;0,20;Nao;200,00;OUTROS;D+1 (du);D+05 (du);324,82;529,35
PRIVATIZACAO;CAIXA FMP FGTS ELETROBRAS MIGRAÇÃO - RESP LTDA;2022-06-10T00:00:00Z;1,73540200;0,695;-6,28;-1,16;43,47;5,006;5,082;0,20;Sim;200,00;OUTROS;D+1 (du);D+05 (du);323,39;528,52
PRIVATIZACAO;CAIXA FUNDO MÚTUO DE PRIVATIZAÇÃO - FGTS - PETROBRAS II - RESPONSABILIDADE LIMITADA;2000-08-17;42,29462500;1,319;-2,39;47,52;45,78;584,502;576,909;1,40;Sim;0,01;PETR3;D+1 (du);D+05 (du);1.445,00;399,74
PRIVATIZACAO;CAIXA FUNDO MÚTUO DE PRIVATIZAÇÃO - FGTS - PETROBRAS III - RESPONSABILIDADE LIMITADA;2000-08-17;44,98640800;1,320;-2,39;47,73;46,07;666,728;662,612;1,20;Nao;10.000,00;PETR3;D+1 (du);D+05 (du);1.448,41;402,10
PRIVATIZACAO;CAIXA FUNDO MÚTUO DE PRIVATIZAÇÃO - FGTS - PETROBRAS IV - RESPONSABILIDADE LIMITADA;2000-08-17;47,89629000;1,318;-2,38;47,89;46,36;678,350;670,229;0,95;Nao;300,00;PETR3;D+1 (du);D+05 (du);1.451,48;404,68
PRIVATIZACAO;CAIXA FUNDO MÚTUO DE PRIVATIZAÇÃO - FGTS - VALE DO RIO DOCE I - RESPONSABILIDADE LIMITADA;2002-03-27;33,03285600;0,143;-1,67;0,25;35,35;408,934;417,649;1,90;Nao;0,01;VALE3;D+1 (du);D+05 (du);373,51;423,55
PRIVATIZACAO;CAIXA FUNDO MÚTUO DE PRIVATIZAÇÃO - FGTS - VALE DO RIO DOCE II - RESPONSABILIDADE LIMITADA;2002-03-27;38,40814200;0,145;-1,65;0,56;36,01;678,331;694,001;1,40;Nao;10.000,00;VALE3;D+1 (du);D+05 (du);378,64;429,52
PRIVATIZACAO;CAIXA FUNDO MÚTUO DE PRIVATIZAÇÃO - FGTS - VALE DO RIO DOCE MIGRAÇÃO- RESPONSABILIDADE LIMITADA;2002-02-26;32,16666600;0,142;-1,67;0,24;35,17;10,927;11,176;1,90;Sim;0,01;VALE3;D+1 (du);D+05 (du);373,38;421,57
PRIVATIZACAO;CAIXA FUNDO MÚTUO DE PRIVATIZAÇÃO - FGTS CARTEIRA LIVRE - FGTS CL ABSOLUTO - RESP LIMITADA;2001-08-24;15,11219900;-0,271;-7,70;-10,40;3,37;100,848;107,552;1,90;Sim;0,01;PETR3;D+1 (du);D+05 (du);42,83;177,20
RENDA FIXA;CAIXA BRASIL 2027 TP FIF RF - RESP LTDA;2022-06-06T00:00:00Z;1,16910144;0,121;0,89;6,47;7,30;530,358;524,816;0,20;Sim;300.000,00;IPCA + 5%;D+0 (du);D+00 (du);150,30;40,19
RENDA FIXA;CAIXA BRASIL 2027 TP X FIF RF LP - RESP LTDA;2023-05-16T00:00:00Z;1,13144127;0,121;0,90;6,52;7,37;598,726;590,657;0,15;Sim;300.000,00;IPCA + 5%;D+0 (du);D+00 (du);150,89;40,67
RENDA FIXA;CAIXA BRASIL 2028 X TP FIF RF - RESP LTDA;2023-05-16T00:00:00Z;1,09743083;0,129;0,67;4,86;8,60;574,074;568,771;0,15;Sim;300.000,00;IPCA + 5%;D+0 (du);D+00 (du);60,52;33,38
RENDA FIXA;CAIXA BRASIL 2030 II TP FIF RF - RESP LTDA;2014-03-26T00:00:00Z;1,98251989;0,187;0,53;3,59;7,34;1.093,820;1.084,268;0,20;Sim;300.000,00;CDI;D+0 (du);D+00 (du);43,54;24,06
RENDA FIXA;CAIXA BRASIL 2030 III TP  FIF RF - RESP LTDA;2015-03-16T00:00:00Z;1,79266572;0,187;0,53;3,59;7,34;244,268;242,135;0,20;Sim;300.000,00;CDI;D+1 (du);D+02 (du);43,60;24,28
RENDA FIXA;CAIXA BRASIL ATIVA FIC FIF RENDA FIXA LONGO PRAZO - RESP LTDA;2020-04-15T00:00:00Z;1.681,49113500;0,057;0,49;7,14;11,92;457,570;464,028;0,40;Sim;0,01;CDI;D+0 (du);D+01 (du);100,70;77,03
RENDA FIXA;CAIXA BRASIL GESTAO ESTRATEGICA FIC FIF RF - RESP LTDA;2016-11-04T00:00:00Z;2,45300400;0,085;0,24;6,51;11,18;3.359,504;3.391,523;0,40;Sim;0,01;IPCA;D+0 (du);D+00 (du);98,16;85,99
RENDA FIXA;CAIXA BRASIL IDKA IPCA 2A TP FIF RF LONGO PRAZO - RESP LTDA;2012-08-16T00:00:00Z;3,89431000;0,136;0,62;8,18;12,23;3.081,150;3.045,634;0,20;Sim;0,01;IDKA2;D+0 (du);D+00 (du);142,65;81,23
RENDA FIXA;CAIXA BRASIL IMA B 5 TP FIF RF LONGO PRAZO - RESP LTDA;2010-07-09T00:00:00Z;5,29330000;0,124;0,63;8,43;12,43;5.604,657;5.618,353;0,20;Sim;0,01;IMA-B 5;D+0 (du);D+00 (du);143,14;80,44
RENDA FIXA;CAIXA BRASIL IMA GERAL TP FIF RF LONGO PRAZO - RESP LTDA;2010-07-08T00:00:00Z;4,84989100;0,140;0,41;7,45;12,33;477,722;477,566;0,20;Sim;0,01;IMA-GERAL TOTAL;D+0 (du);D+00 (du);119,01;90,97
RENDA FIXA;CAIXA BRASIL IMA-B 5+ TP FIF RF LONGO PRAZO - RESP LTDA;2012-04-18T00:00:00Z;3,47206400;0,581;0,76;4,07;8,33;693,807;717,077;0,20;Sim;0,01;IMA-B 5+;D+0 (du);D+00 (du);115,19;68,43
RENDA FIXA;CAIXA BRASIL IMA-B TP FIF RF LONGO PRAZO - RESP LTDA;2010-03-08T00:00:00Z;5,21097600;0,374;0,70;5,98;10,13;2.294,622;2.340,120;0,20;Sim;0,01;IMA-B TOTAL;D+0 (du);D+00 (du);127,69;73,65
RENDA FIXA;CAIXA BRASIL IRF M 1 MAIS TP FIF RF LONGO PRAZO - RESP LTDA;2012-05-11T00:00:00Z;3,82016300;0,127;-0,48;5,05;9,83;622,761;654,370;0,20;Sim;0,01;IRF-M 1+;D+0 (du);D+00 (du);83,69;85,59
RENDA FIXA;CAIXA BRASIL IRF-M 1 TP FIF RF - RESP LTDA;2010-05-28T00:00:00Z;4,60381100;0,056;0,49;8,50;13,63;11.413,506;11.185,915;0,20;Sim;0,01;IRF-M 1;D+0 (du);D+00 (du);118,05;96,20
RENDA FIXA;CAIXA BRASIL IRF-M TP FIF RF LONGO PRAZO - RESP LTDA;2012-08-16T00:00:00Z;3,69793500;0,109;-0,25;5,93;10,79;1.640,066;1.658,675;0,20;Sim;0,01;IRF-M TOTAL;D+0 (du);D+00 (du);92,58;88,66
RENDA FIXA;CAIXA BRASIL MATRIZ FIF RF - RESP LTDA;2015-12-17T00:00:00Z;2,67945800;0,053;0,54;8,80;14,07;8.925,970;8.950,256;0,20;Sim;0,01;CDI;D+0 (du);D+00 (du);125,22;99,91
RENDA FIXA;CAIXA BRASIL TP FIF RF LONGO PRAZO - RESP LTDA;2006-02-10T00:00:00Z;7,36732000;0,055;0,52;8,67;13,87;12.639,587;12.611,005;0,20;Sim;0,01;CDI;D+0 (du);D+00 (du);124,81;99,16
RENDA FIXA;CAIXA FI MERCURIO RF LP;2019-05-29T00:00:00Z;1,96558200;0,053;0,54;8,86;14,16;7.287,040;7.013,262;0,07;Sim;0,01;CDI;D+0 (du);D+00 (du);125,74;100,43
RENDA FIXA;CAIXA FI SENAR RENDA FIXA LONGO PRAZO;2022-06-01T00:00:00Z;1,68731200;0,054;0,54;8,78;14,05;1.078,755;1.068,144;0,10;Sim;0,00;NÃO SE APLICA;D+0 (du);D+00 (du);125,99;100,17
RENDA FIXA;CAIXA FIC FIF ATIVA RENDA FIXA LP - RESP LTDA;2020-04-22T00:00:00Z;1.811,55465800;0,058;0,48;7,55;12,38;120,303;122,296;0,40;Sim;50.000,00;CDI;D+0 (du);D+01 (du);110,04;92,29
RENDA FIXA;CAIXA FIC FIF BRASIL IDKA PRE 2A RF LP - RESP LTDA;2022-09-21T00:00:00Z;1,47953200;0,116;-0,06;6,11;10,83;159,222;160,723;0,20;Sim;0,01;IDKA PRÉ 2A;D+0 (du);D+00 (du);81,98;84,27
RENDA FIXA;CAIXA FIC FIF DESENVOLVER RF LP - RESP LTDA;2012-12-18T00:00:00Z;3,06692500;0,045;0,47;7,73;12,35;1,652;1,646;1,30;Nao;500,00;CDI;D+0 (du);D+00 (du);110,52;88,47
RENDA FIXA;CAIXA FIC FIF E-FUNDO RF LP - RESP LTDA;2012-10-05T00:00:00Z;3,43908800;0,050;0,52;8,47;13,52;64,272;63,796;0,70;Sim;0,01;CDI;D+0 (du);D+00 (du);120,51;96,19
RENDA FIXA;CAIXA FIC FIF EQUILIBRIO MPE RF LP - RESP LTDA;2006-07-05T00:00:00Z;6,04110900;0,049;0,51;8,30;13,27;42,297;41,730;1,00;Sim;1.000,00;CDI;D+0 (du);D+00 (du);117,81;94,23
RENDA FIXA;CAIXA FIC FIF FOCO IND. DE PRECOS RF LP - RESP LTDA;2012-03-19T00:00:00Z;3,20505800;0,116;0,59;7,91;11,57;76,951;77,246;1,00;Sim;100,00;NÃO SE APLICA;D+3 (du);D+03 (du);135,28;74,03
RENDA FIXA;CAIXA FIC FIF INSTITUCIONAL SOBERANO PLUS RF - RESP LTDA;2022-10-21T00:00:00Z;1,59167825;0,052;0,52;8,73;13,97;369,867;408,029;0,10;Sim;5.000.000,00;CDI;D+0 (du);D+00 (du);125,57;99,76
RENDA FIXA;CAIXA FIC FIF MUTUA RF LONGO PRAZO - RESP LTDA;2008-11-20T00:00:00Z;5,30145200;0,054;0,53;8,82;14,06;374,570;372,317;0,03;Sim;0,01;CDI;D+0 (du);D+00 (du);126,75;99,85
RENDA FIXA;CAIXA FIC FIF OBJETIVO PRE RF LP - RESP LTDA;2012-06-27T00:00:00Z;3,36664500;0,107;-0,26;5,63;10,30;128,972;130,991;0,70;Sim;1.000,00;CDI;D+0 (du);D+00 (du);88,61;84,88
RENDA FIXA;CAIXA FIC FIF PERFORMANCE IMA B RF LP - RESP LTDA;2012-05-02T00:00:00Z;3,37405500;0,372;0,69;5,87;9,93;64,654;64,499;0,80;Sim;1.000,00;IMA-B TOTAL;D+0 (du);D+00 (du);127,19;71,35
RENDA FIXA;CAIXA FIC FIF RELACIONAMENTO IDEAL RF LP - RESP LTDA;2012-04-16T00:00:00Z;3,38440300;0,049;0,51;8,22;13,12;13,009;13,014;1,00;Nao;1.000,00;CDI;D+0 (du);D+00 (du);117,11;93,41
RENDA FIXA;CAIXA FIC FIF RELACIONAMENTO PERSONAL RF LP - RESP LTDA;2012-04-16T00:00:00Z;3,57382700;0,050;0,53;8,52;13,62;122,543;121,907;0,70;Sim;0,01;CDI;D+0 (du);D+00 (du);120,82;96,72
RENDA FIXA;CAIXA FIC FIF SUPREMO RF LONGO PRAZO - RESP LTDA;2006-07-04T00:00:00Z;6,34324500;0,050;0,52;8,45;13,51;122,416;122,137;0,80;Nao;70.000,00;CDI;D+0 (du);D+00 (du);119,89;95,96
RENDA FIXA;CAIXA FIC FIF TITULO PUBLICO MPE RF LP - RESP LTDA;2012-10-05T00:00:00Z;3,30330400;0,051;0,51;8,39;13,25;23,212;24,620;0,50;Sim;1.000,00;CDI;D+0 (du);D+00 (du);120,14;93,33
RENDA FIXA;CAIXA FIF BRASIL 2026 X TP RF - RESP LTDA;2024-04-11T00:00:00Z;1,13633100;0,050;0,58;6,78;10,89;1.027,093;1.019,966;0,10;Sim;300.000,00;IPCA + 5%;D+0 (du);D+00 (du);82,78;47,28
RENDA FIXA;CAIXA FIF BRASIL 2030 X TP RF RESP LTDA;2023-05-16T00:00:00Z;1,05574248;0,187;0,53;3,59;7,35;78,982;78,292;0,15;Sim;300.000,00;IPCA + 5%;D+0 (du);D+00 (du);43,60;24,25
RENDA FIXA;CAIXA FIF BRASIL 2032 X TP RF RESP LTDA;2023-05-16T00:00:00Z;1,02699785;0,259;0,31;2,58;6,34;441,510;438,311;0,15;Sim;300.000,00;IPCA + 5%;D+0 (du);D+00 (du);46,17;23,90
RENDA FIXA;CAIXA FIF BRASIL 2033 X TP RF RESP LTDA;2023-05-16T00:00:00Z;1,02022930;0,367;0,52;2,57;2,62;684,657;678,630;0,15;Sim;300.000,00;IPCA + 5%;D+0 (du);D+00 (du);131,73;20,66
RENDA FIXA;CAIXA FIF BRASIL 2035 X TP RF - RL;2024-04-01T00:00:00Z;0,96401854;0,419;0,53;0,77;1,83;115,224;114,156;0,10;Sim;300.000,00;nan;D+0 (du);D+00 (du);105,77;18,86
RENDA FIXA;CAIXA FIF BRASIL 2040 X TP RF - RL;2024-03-26T00:00:00Z;0,96845072;0,611;0,80;0,66;4,63;66,211;65,510;0,10;Sim;300.000,00;NÃO SE APLICA;D+0 (du);D+00 (du);30,97;20,32
RENDA FIXA;CAIXA FIF BRASIL ESPECIAL 2026 TP RF - RESP LTDA;2024-08-14T00:00:00Z;1,13768239;0,052;0,58;6,81;10,93;3.599,020;3.573,843;0,06;Sim;500.000,00;IPCA + 5%;D+0 (du);D+00 (du);83,14;47,49
RENDA FIXA;CAIXA FIF BRASIL ESPECIAL 2027 TP RF - RESP LTDA;2024-08-14T00:00:00Z;1,09413838;0,121;0,90;6,58;7,47;777,248;765,159;0,06;Sim;500.000,00;IPCA + 5%;D+0 (du);D+00 (du);151,75;41,34
RENDA FIXA;CAIXA FIF BRASIL ESPECIAL 2028 TP RF - RESP LTDA;2024-08-14T00:00:00Z;1,09424612;0,129;0,67;4,93;8,70;1.531,986;1.426,096;0,06;Sim;500.000,00;IPCA + 5%;D+0 (du);D+00 (du);61,47;34,01
RENDA FIXA;CAIXA FIF BRASIL ESPECIAL 2030 TP RF - RESP LTDA;2024-08-16T00:00:00Z;1,05306755;0,187;0,54;3,67;7,48;461,292;451,167;0,06;Sim;500.000,00;IPCA + 5%;D+0 (du);D+00 (du);44,88;25,13
RENDA FIXA;CAIXA FIF BRASIL ESPECIAL 2032 TP RF - RL;2024-08-16T00:00:00Z;1,02457733;0,259;0,31;2,56;6,33;85,785;72,437;0,06;Sim;500.000,00;IPCA + 5%;D+0 (du);D+00 (du);46,34;25,08
RENDA FIXA;CAIXA FIF BRASIL ESPECIAL 2033 TP RF - RL;2024-08-16T00:00:00Z;0,99315701;0,367;0,52;2,60;2,65;58,389;57,246;0,06;Sim;500.000,00;IPCA + 5%;D+0 (du);D+00 (du);131,86;20,84
RENDA FIXA;CAIXA FIF CNI RF LONGO PRAZO - RESP LTDA;2005-01-26T00:00:00Z;8,94807400;0,055;0,53;8,66;13,90;3.897,834;3.910,258;0,07;Sim;1,00;CDI;D+0 (du);D+00 (du);124,12;99,47
RENDA FIXA;CAIXA FIF EXTRAMERCADO COMUM IRFM-1 RF - RESP LTDA;2012-02-13T00:00:00Z;3,85208600;0,058;0,52;8,49;13,64;4.848,513;4.975,511;0,10;Sim;0,01;CDI;D+0 (du);D+00 (du);118,08;96,56
RENDA FIXA;CAIXA FIF FIC EXPERT SULAMERICA RF CRED PRI LP - RESP LTDA;2024-11-26T00:00:00Z;1,27366000;0,046;0,55;8,75;13,91;73,525;72,310;0,30;Sim;10.000,00;NÃO SE APLICA;D+13 (du);D+15 (du);118,91;98,68
RENDA FIXA;CAIXA FIF FIDELIDADE PRIVATE RF LONGO PRAZO - RESP LTDA;2008-07-02T00:00:00Z;5,66075200;0,053;0,54;8,84;14,14;564,003;560,142;0,20;Sim;200.000,00;CDI;D+0 (du);D+00 (du);126,13;100,46
RENDA FIXA;CAIXA FIF INFLACAO PRIVATE 2027 RF LONGO PRAZO - RL;2024-08-15T00:00:00Z;1,23117000;0,112;0,94;9,55;13,77;40,905;40,499;0,20;Sim;10.000,00;NÃO SE APLICA;D+0 (du);D+00 (du);152,68;85,41
RENDA FIXA;CAIXA FIF SAFIRA CORPORATIVO RF LP - RESP LTDA;2009-05-11T00:00:00Z;5,01193700;0,056;0,53;8,70;13,94;2.953,204;3.000,592;0,10;Sim;1.000.000,00;CDI;D+0 (du);D+00 (du);125,32;99,64
RENDA FIXA;CAIXA FIF SAUDE SUPLEMENTAR ANS II RF LP - RESP LTDA;2008-12-04T00:00:00Z;5,26604900;0,054;0,53;8,78;14,03;303,980;307,675;0,07;Sim;10.000.000,00;CDI;D+0 (du);D+00 (du);126,22;100,00
RENDA FIXA;CAIXA FIf SAUDE SUPLEMENTAR - ANS RF LP - RESP LTDA;2008-07-15T00:00:00Z;5,26150700;0,053;0,52;8,62;13,76;811,028;805,804;0,35;Sim;1.000,00;CDI;D+0 (du);D+00 (du);123,62;98,03
RENDA FIXA;CAIXA INDEXA TESOURO SELIC FIC FIF RF LP - RESP LTDA;2013-12-26T00:00:00Z;3,30528900;0,054;0,53;8,77;14,00;659,520;649,273;0,01;Nao;50.000,00;CDI;D+0 (du);D+00 (du);125,84;99,55
RENDA FIXA;CAIXA NOVO BRASIL IMA-B FIC FIF RF LONGO PRAZO - RESP LTDA;2009-10-27T00:00:00Z;5,58632500;0,374;0,71;6,28;10,59;586,516;584,425;0,20;Sim;0,01;IMA-B 5;D+0 (du);D+00 (du);132,98;75,98
RENDA FIXA;CAIXA RS TP FIF RF LONGO PRAZO - RESP LTDA;2005-07-18T00:00:00Z;8,16113500;0,056;0,52;8,62;13,81;163,651;176,967;0,20;Sim;0,01;CDI;D+0 (du);D+00 (du);124,33;98,71
RENDA FIXA CRED PRIV;CAIXA BRASIL INFLAÇÃO ATIVA FIF RF CRED PRIV - RESP LTDA;2015-04-17T00:00:00Z;3,04606000;0,120;0,61;8,02;12,06;36,945;36,631;0,20;Sim;0,01;IPCA+6%;D+0 (du);D+00 (du);138,04;79,57
RENDA FIXA CRED PRIV;CAIXA EXPERT ABSOLUTE CRETA FIC FIF RF CRED PRIV LP - RESP LTDA;2025-03-26T00:00:00Z;1,20331600;0,060;0,55;8,36;13,48;64,700;64,864;0,29;Sim;10.000,00;CDI;D+22 (du);D+24 (du);98,34;92,38
RENDA FIXA CRED PRIV;CAIXA EXPERT RB ASSET CDI DEB INC FIC FIF RF CRED PRIV - RESP LTDA;2025-10-15T00:00:00Z;1,10556713;0,067;0,55;6,99;;305,989;306,675;0,30;Sim;10.000,00;CDI;D+14 (du);D+16 (du);61,44;
RENDA FIXA CRED PRIV;CAIXA EXPERT VOX DESENV SUSTENTAVEL IS RF CRED PRIV LP - RESP LTDA;2025-11-14T00:00:00Z;1,06655500;0,049;0,53;8,77;;22,231;22,390;0,17;Sim;1.000,00;CDI;D+5 (du);D+07 (du);123,81;
RENDA FIXA CRED PRIV;CAIXA FIC FIF EXCLUSIVO FUNCIONARIOS RF CRED PRIVADO LP - RESP LTDA;2014-10-20T00:00:00Z;3,07426300;0,050;0,54;8,78;14,07;1.701,609;1.693,167;0,40;Sim;0,01;CDI;D+0 (du);D+00 (du);124,22;99,88
RENDA FIXA CRED PRIV;CAIXA FIC FIF EXPERTISE RF CRED PRIV LP - RESP LTDA;2009-07-02T00:00:00Z;5,07382200;0,050;0,54;8,77;14,03;3.404,061;3.361,174;0,50;Sim;20.000,00;CDI;D+0 (du);D+00 (du);123,58;99,45
RENDA FIXA CRED PRIV;CAIXA FIC FIF FOF SMART CRED PRIV MM LP RESP LTDA;2023-08-30T00:00:00Z;1,45373200;0,040;0,47;8,58;13,73;65,037;64,911;0,40;Sim;0,01;CDI;D+46 (du);D+48 (du);111,48;95,63
RENDA FIXA CRED PRIV;CAIXA FIC FIF GER JOVEM RF CREDITO PRIV LP - RESP LTDA;2012-04-26T00:00:00Z;3,41416300;0,047;0,52;8,36;13,37;12,190;12,039;1,00;Sim;0,01;CDI;D+0 (du);D+00 (du);117,84;94,84
RENDA FIXA CRED PRIV;CAIXA FIC FIF MAXI RENDA FIXA CRED PRIV LP - RESP LTDA;2013-03-04T00:00:00Z;3,66261100;0,051;0,55;8,91;14,25;16.470,807;16.190,090;0,30;Sim;50.000,00;CDI;D+0 (du);D+00 (du);125,43;101,02
RENDA FIXA CRED PRIV;CAIXA FIC FIF UNIQUE PRIVATE RF CRED PRIV LP - RESP LTDA;2024-07-31T00:00:00Z;1,30295400;0,051;0,55;8,93;14,29;457,207;442,410;0,25;Sim;100.000,00;CDI;D+0 (du);D+00 (du);126,09;101,06
RENDA FIXA CRED PRIV;CAIXA FIF DIAMANTE RF CRED PRIV LP - RESP LTDA;2019-11-06T00:00:00Z;1.940,40875200;0,053;0,56;9,01;14,40;16.881,354;16.817,057;0,12;Sim;1.000.000,00;CDI;D+0 (du);D+00 (du);126,61;101,93
RENDA FIXA CRED PRIV;CAIXA FIF FIDELIDADE II RF CRED PRIV LP RESP LTDA;2009-06-03T00:00:00Z;5,44424500;0,053;0,56;8,98;14,39;1.500,465;1.491,711;0,05;Sim;1.000.000,00;CDI;D+0 (du);D+00 (du);126,48;102,53
RENDA FIXA CRED PRIV;CAIXA FIF QUALIFICADO RF CRED PRIV LP - RESP LTDA;2009-06-01T00:00:00Z;5,27297900;0,052;0,54;8,76;14,04;853,531;853,569;0,50;Sim;20.000,00;CDI;D+1 (du);D+04 (du);123,15;99,85
RENDA FIXA CRED PRIV;CAIXA OAB FIC FIF RF CRED PRIV LP RESP LTDA;2014-09-23T00:00:00Z;3,11779100;0,050;0,54;8,78;14,04;1.795,007;1.794,184;0,40;Sim;0,01;CDI;D+0 (du);D+00 (du);124,05;99,53
RENDA FIXA CRED PRIV;CAIXA PLUS FIF FIC RF CRED PRIV LONGO PRAZO - RESP LTDA;2021-01-22T00:00:00Z;1.883,95227600;0,049;0,54;8,72;13,93;96,879;97,046;0,70;Sim;0,01;CDI;D+14 (du);D+15 (du);119,93;98,46
RENDA FIXA CRED PRIV;CAIXA PLUS QUALIFICADO FIC FIF RF CRED PRIV LONGO PRAZO - RESP LTDA;2021-01-22T00:00:00Z;1.880,32746100;0,051;0,54;8,81;14,11;181,323;179,683;0,55;Sim;10.000,00;CDI;D+14 (du);D+15 (du);121,99;99,47
RENDA FIXA CURTO PRAZO;CAIXA AUTOMATICO POLIS FIC FIF RF CURTO PRAZO - RESP LTDA;2023-06-13T00:00:00Z;1,33712800;0,042;0,42;7,05;11,19;33.342,275;34.093,401;1,70;Sim;0,01;NÃO SE APLICA;D+0 (du);D+00 (du);101,81;78,25
RENDA FIXA CURTO PRAZO;CAIXA FIC FIF RENDA FIXA CURTO PRAZO - RESP LTDA;2020-12-14T00:00:00Z;1.772,69315100;0,050;0,50;8,40;13,45;273,596;285,012;0,50;Sim;10.000,00;CDI;D+0 (du);D+00 (du);120,78;95,84
RENDA FIXA CURTO PRAZO;CAIXA FIC FIF TURQUESA CORPORATIVO RF CURTO PRAZO - RESP LTDA;2020-10-01T00:00:00Z;1.820,93390600;0,051;0,51;8,66;13,88;1.664,129;1.678,286;0,10;Sim;3.000.000,00;CDI;D+0 (du);D+00 (du);124,46;98,88
RENDA FIXA CURTO PRAZO;CAIXA FIF ALIANCA TITULOS PUBLICOS RF CURTO PRAZO - RESP LTDA;2005-11-01T00:00:00Z;7,69460300;0,051;0,51;8,61;13,80;3.784,004;3.877,073;0,20;Sim;0,01;CDI;D+0 (du);D+00 (du);123,73;98,22
RENDA FIXA CURTO PRAZO;CAIXA TRANSF VOLUNTARIAS POLIS FIC FIF RF CURTO PRAZO - RESP LTDA;2012-10-16T00:00:00Z;2,53572200;0,045;0,45;7,57;12,02;18.227,183;18.732,797;1,70;Sim;0,01;CDI;D+0 (du);D+00 (du);109,26;84,29
RENDA FIXA DEBENTURES;CAIXA EXPERT ARX DEB INCENT FIC FIF RF CRED PRIV - RESP LTDA;2025-07-01T00:00:00Z;1,13732078;0,215;0,57;5,43;8,91;200,024;201,200;0,30;Sim;10.000,00;IMA-B5;D+14 (du);D+16 (du);82,13;
RENDA FIXA DEBENTURES;CAIXA EXPERT VINLAND DEB INCENT FIC FIF RF CRED PRIV - RESP LTDA;2026-04-08T00:00:00Z;1,04092221;0,080;0,53;;;19,953;17,964;;Sim;1.000,00;CDI;D+21 (du);D+23 (du);;
RENDA FIXA REF DI;CAIXA BETA FIC DE CLASSE DE FIF RENDA FIXA REFERENCIADO DI LONGO PRAZO - RESPONSABILIDADE LIMITADA;2003-04-30;31,02622500;0,048;0,47;7,83;12,51;166,886;166,285;1,50;Sim;0,01;CDI;D+0 (du);D+00 (du);112,66;89,21
RENDA FIXA REF DI;CAIXA BRASIL FIC FIF RF REFERENCIADO DI LONGO PRAZO - RESP LTDA;2006-07-05T00:00:00Z;6,90726700;0,051;0,54;8,84;14,12;22.720,370;22.979,289;0,20;Sim;0,01;CDI;D+0 (du);D+00 (du);125,52;100,16
RENDA FIXA REF DI;CAIXA FIC FIF ESMERALDA CORP RF REF DI CRED PRIV LP - RL;2023-11-03T00:00:00Z;1,41292900;0,053;0,54;8,92;14,28;3.511,139;3.581,228;0,12;Sim;1.000.000,00;OUTROS;D+0 (du);D+00 (du);127,41;101,61
RENDA FIXA REF DI;CAIXA FIC FIF MEGA RF REF DI LONGO PRAZO - RESP LTDA;2009-02-03T00:00:00Z;5,23438300;0,051;0,54;8,80;14,08;22.856,634;22.268,951;0,25;Sim;50.000,00;CDI;D+0 (du);D+00 (du);125,20;100,05
RENDA FIXA REF DI;CAIXA FIC FIF OMEGA PRIVATE RF REF DI LP - RESP LTDA;2024-05-13T00:00:00Z;1,32358000;0,053;0,52;8,71;13,93;70,274;69,770;0,15;Sim;10.000,00;OUTROS;D+0 (du);D+00 (du);125,25;99,18
RENDA FIXA REF DI;CAIXA FIC FIF PLENO REF DI LP - RESP LTDA;2010-06-14T00:00:00Z;3,69571600;0,049;0,52;8,51;13,60;2.287,369;2.262,305;0,70;Sim;1.000,00;CDI;D+0 (du);D+00 (du);120,94;96,62
RENDA FIXA REF DI;CAIXA FIC FIF RUBI REF DI LP - RESP LTDA;2009-07-15T00:00:00Z;4,89830400;0,051;0,54;8,77;14,03;9.710,914;9.616,109;0,30;Sim;100.000,00;CDI;D+0 (du);D+00 (du);124,63;99,68
RENDA FIXA REF DI;CAIXA FIC FIF SIGMA RF REF DI LONGO PRAZO - RESP LTDA;2009-12-01T00:00:00Z;4,56911000;0,052;0,52;8,61;13,77;16.882,896;16.748,043;0,35;Sim;5.000,00;CDI;D+0 (du);D+00 (du);123,47;98,14
RENDA FIXA REF DI;CAIXA FIC FIF TOP PRIVATE RF REF DI LONGO PRAZO - RESP LTDA;2014-05-05T00:00:00Z;3,27028800;0,052;0,54;8,87;14,20;14.126,930;14.035,373;0,15;Sim;100.000,00;CDI;D+0 (du);D+00 (du);126,04;100,84
RENDA FIXA REF DI;CAIXA FIF INSTITUCIONAL SOBERANO RF REF DI - RESP LTDA;2023-04-12T00:00:00Z;1,50147268;0,052;0,52;8,74;14,00;3.520,272;3.514,048;0,10;Sim;5.000.000,00;CDI;D+0 (du);D+00 (du);125,63;99,78
RENDA FIXA REF DI;CAIXA FIF TOPAZIO CORP RF REF DI LP - RESP LTDA;2010-06-22T00:00:00Z;4,55098300;0,054;0,53;8,79;14,06;14.556,652;14.155,047;0,10;Sim;1.000.000,00;CDI;D+0 (du);D+00 (du);126,06;100,19
RENDA FIXA REF DI;CAIXA GIRO EMPRESAS FIC FIF RF REF DI LP - RESP LTDA;2013-03-27T00:00:00Z;3,35980700;0,051;0,50;8,45;13,52;7.986,514;7.969,658;0,40;Sim;500.000,00;CDI;D+0 (du);D+00 (du);121,26;96,36
RENDA FIXA REF DI;CAIXA GIRO IMEDIATO FIC FIF RF REF DI LP - RESP LTDA;2013-06-03T00:00:00Z;2,87229900;0,047;0,46;7,72;12,34;6.058,612;6.052,069;1,50;Sim;1.000,00;CDI;D+0 (du);D+00 (du);111,14;87,99
RENDA FIXA REF DI;CAIXA GIRO MPE FIC FIF RF REF DI LP - RESP LTDA;2013-09-09T00:00:00Z;2,89484500;0,048;0,47;7,85;12,55;14.160,618;13.944,264;1,30;Sim;1.000,00;CDI;D+0 (du);D+00 (du);112,98;89,52
RENDA FIXA REF DI;CAIXA PREFERENCIAL FIC DE CLASSE DE FIF RENDA FIXA REFERENCIADO DI LONGO PRAZO - RESP LIMITADA;2003-10-01;9,93061500;0,050;0,52;8,57;13,70;826,152;827,250;0,60;Nao;30.000,00;CDI;D+0 (du);D+00 (du);121,82;97,32
RENDA FIXA REF DI;CAIXA SIGMA FUNCIONARIOS FIC FIF RF REF DI LP - RESP LTDA;2026-04-08T00:00:00Z;1,04839000;0,053;0,52;;;116,777;107,159;0,20;Sim;0,01;CDI;D+0 (du);D+00 (du);;
RENDA FIXA SIMPLES;CAIXA AMETISTA CORPORATIVO FIC FIF RF SIMPLES - RESP LTDA;2023-07-12T00:00:00Z;1,39016600;0,045;0,46;7,72;12,35;192,740;184,259;1,30;Sim;1.000,00;NÃO SE APLICA;D+0 (du);D+00 (du);111,23;88,03
RENDA FIXA SIMPLES;CAIXA AZULZINHA FIC FIF RF SIMPLES - RESP LTDA;2025-06-13T00:00:00Z;1,15181500;0,045;0,46;7,66;12,28;65,090;63,279;1,30;Sim;0,01;SELIC;D+0 (du);D+00 (du);109,98;
RENDA FIXA SIMPLES;CAIXA BRASIL DISPONIBILIDADES FIC FIF RF SIMPLES - RESP LTDA;2012-08-30T00:00:00Z;3,21983000;0,048;0,49;8,16;13,01;3.766,248;1.706,681;0,80;Sim;100,00;CDI;D+0 (du);D+00 (du);117,50;92,29
RENDA FIXA SIMPLES;CAIXA E-SIMPLES FIF RF LP - RESP LTDA;2015-10-15T00:00:00Z;2,31255500;0,046;0,46;7,62;12,17;401,036;403,747;1,50;Sim;0,01;SELIC;D+0 (du);D+00 (du);109,68;86,87
RENDA FIXA SIMPLES;CAIXA FÁCIL FIC DE CLASSE DE FIF RENDA FIXA SIMPLES - RESPONSABILIDADE LIMITADA;2003-04-30;5,61791000;0,044;0,44;7,47;11,95;6.626,611;6.647,056;1,70;Sim;0,01;SELIC;D+0 (du);D+00 (du);107,83;85,15
RENDA FIXA SIMPLES;CAIXA MOVIMENTACOES AUTOMATICAS FIC FIF RF SIMPLES - RESP LTDA;2012-07-13T00:00:00Z;2,83656900;0,044;0,44;7,46;11,94;781,986;813,789;1,70;Sim;10,00;CDI;D+0 (du);D+00 (du);107,70;85,10
